{
  "_format": "hh-sol-cache-2",
  "files": {
    "C:\\Users\\khush\\Downloads\\project-bolt-sb1-rxtdnacs\\project\\contracts\\Lock.sol": {
      "lastModificationDate": 1748948549298,
      "contentHash": "7eee587c347fe6b1de50c96688cb9477",
      "sourceName": "contracts/Lock.sol",
      "solcConfig": {
        "version": "0.8.28",
        "settings": {
          "evmVersion": "paris",
          "optimizer": {
            "enabled": false,
            "runs": 200
          },
          "outputSelection": {
            "*": {
              "*": [
                "abi",
                "evm.bytecode",
                "evm.deployedBytecode",
                "evm.methodIdentifiers",
                "metadata"
              ],
              "": [
                "ast"
              ]
            }
          }
        }
      },
      "imports": [],
      "versionPragmas": [
        "^0.8.28"
      ],
      "artifacts": [
        "Lock"
      ]
    },
    "C:\\Users\\khush\\Downloads\\project-bolt-sb1-rxtdnacs\\project\\contracts\\RentalContract.sol": {
      "lastModificationDate": 1748949379030,
      "contentHash": "7999520c529223708963c7e37148f028",
      "sourceName": "contracts/RentalContract.sol",
      "solcConfig": {
        "version": "0.8.28",
        "settings": {
          "evmVersion": "paris",
          "optimizer": {
            "enabled": false,
            "runs": 200
          },
          "outputSelection": {
            "*": {
              "*": [
                "abi",
                "evm.bytecode",
                "evm.deployedBytecode",
                "evm.methodIdentifiers",
                "metadata"
              ],
              "": [
                "ast"
              ]
            }
          }
        }
      },
      "imports": [],
      "versionPragmas": [
        "^0.8.0"
      ],
      "artifacts": [
        "RentalContract"
      ]
    }
  }
}
